nombre|apellido|phone|email
Colby|Elizabeth|235659703|(675) 647-1415
Bernard|Rhonda|734972584|(749) 322-6244
Ralph|Lesley|351122906|(946) 630-5708
Jason|Zoe|543565852|(100) 638-9028
Daniel|Idola|842773797|(921) 240-0731
Jordan|Cara|721407935|(252) 884-8894
Wallace|Shaeleigh|639650710|(709) 878-5601
Yoshio|Quintessa|401103949|(751) 138-2813
Yoshio|Savannah|944301224|(707) 652-3873
Tad|Ruth|122650430|(533) 564-7745
Cairo|Avye|155256479|(127) 204-9360
Castor|Belle|802129212|(377) 761-4431
Blake|Kaye|296015826|(182) 943-0930
Emery|Hilary|782258432|(218) 576-4810
Drake|Carly|703210017|(954) 953-4011
Jordan|Celeste|216527853|(315) 249-0923
Cadman|Althea|653507721|(612) 670-5823
Allistair|Nichole|354688109|(356) 930-6149
Akeem|Zelda|960765990|(284) 935-7859
Henry|Kirestin|432489595|(596) 939-9775
Baker|Iola|741649940|(445) 134-1277
Anthony|Wynne|155422354|(240) 160-4525
Keane|Anastasia|590486755|(368) 733-8096
Quinn|Velma|951179461|(916) 854-0979
Grady|Briar|987870032|(537) 850-7094
Len|Bryar|142738095|(257) 708-6499
Ethan|Michelle|697639812|(678) 356-0271
Alan|Camille|899131106|(773) 924-5119
Keith|Victoria|665180549|(455) 488-5261
Devin|Quin|502146016|(187) 826-0913
Avram|Kimberly|450209236|(619) 763-0626
Cain|Mary|542425970|(121) 598-0741
Darius|Whoopi|851245076|(207) 145-6828
Nathan|Brenna|761975209|(300) 363-2913
Paki|Odette|172575098|(551) 550-4593
Declan|Kiona|824634050|(927) 431-8841
Ethan|Naomi|381056694|(301) 640-2228
Dieter|Quinn|997902825|(722) 975-7200
Slade|Emi|859517842|(244) 840-1363
Ezekiel|Kai|124814604|(452) 990-3463
Harrison|Kalia|630057931|(449) 687-1294
Blaze|Shannon|336970250|(657) 186-9424
Ashton|Winter|679640425|(231) 902-6696
Hyatt|Katell|994559271|(416) 372-6501
Carson|Tasha|957509968|(432) 888-9192
Malachi|Vielka|598756257|(484) 441-7878
Lucas|Phoebe|675471529|(626) 837-6594
Omar|Ramona|576717372|(878) 425-4523
Burton|Chelsea|684668214|(460) 212-9344
Kadeem|Maisie|431499702|(454) 819-8363
Rogan|Brenna|825360227|(205) 332-9258
Gage|Lucy|784177321|(357) 440-5699
Basil|Debra|963660840|(780) 865-9298
Zeph|Hayley|897741971|(963) 690-2392
Nathaniel|Sigourney|709374840|(769) 560-3687
Cullen|Clio|945108932|(301) 926-5470
Abraham|Karyn|799057451|(323) 949-0977
Leroy|Yvonne|225718638|(555) 190-2040
Cedric|Tashya|902747746|(246) 615-2271
Stewart|Ramona|154360840|(700) 665-5122
Lucian|Montana|115534247|(609) 832-9464
Nathaniel|Shoshana|526592962|(664) 715-6047
Driscoll|Cora|784804212|(523) 624-7202
Barclay|Aimee|352007917|(914) 284-1061
Hunter|Amelia|797778348|(157) 260-7105
Preston|Blair|358599753|(209) 821-9407
Kato|Miranda|482322893|(772) 527-8774
Sean|Sade|523231078|(862) 613-9136
Flynn|Maisie|678573806|(762) 114-6850
Cain|Sonya|207777989|(902) 998-5160
Macon|Isabelle|260004624|(154) 325-4314
Leo|Chastity|723812442|(836) 128-5485
Judah|Quin|788939275|(325) 430-6490
Bernard|Delilah|230985428|(218) 395-5716
Dustin|Echo|279582798|(403) 529-9924
Yuli|Azalia|402446386|(631) 455-0934
Blaze|Veronica|740823794|(911) 693-0943
Todd|Lavinia|953825193|(378) 227-9659
Xavier|Shelly|414878536|(900) 719-5982
Sean|Macey|215576224|(770) 380-6802
Caleb|Blair|202047444|(719) 635-1310
Aladdin|Zelenia|666428145|(203) 204-8761
Kevin|Josephine|122742926|(984) 994-3011
Slade|Adara|201490968|(323) 987-6161
Dillon|Rinah|535520211|(382) 416-3245
Preston|Lucy|495272324|(359) 324-6722
Cadman|Jolene|228837366|(418) 620-3500
Travis|Zia|482448524|(714) 706-0371
Kenyon|Zephr|345183609|(915) 325-6201
August|Hannah|199197873|(924) 986-7074
Aladdin|Bethany|378104196|(794) 737-1759
Brady|Sacha|728036939|(782) 926-0161
Yoshio|Pandora|775379158|(170) 286-5312
Kyle|Dana|790903055|(584) 510-6655
Brody|Jescie|427929150|(568) 622-8501
Keegan|Maggy|987088860|(665) 952-7288
Alan|Shoshana|655056824|(292) 735-8462
August|Cassandra|439023966|(967) 301-4689
Benjamin|Nina|905007875|(522) 855-9779
Lucius|Constance|922865362|(441) 136-7496